sentiment,text,user
"neutral","@liberal_party @cathmckenna https://t.co/sI605lryvU","EagleeyeJbp"
"neutral","RT @EstOdek: QUESTION: What makes someone a scientist?\n\nI‚Äôll start with one:\n\nIf you ‚Äòdo‚Äô the science (i.e. generate the data) then you‚Äôre‚Ä¶","ColdH2OSurfer"
"neutral","RT @EstOdek: QUESTION: What makes someone a scientist?\n\nI‚Äôll start with one:\n\nIf you ‚Äòdo‚Äô the science (i.e. generate the data) then you‚Äôre‚Ä¶","Ugorjuss"
"positive","[Welcome to Japan!!] In Shibuya, You can take a rest for free in happy science church. https://t.co/8kO6omVCKy","hs_UofTokyo"
"neutral","üì£üì£ Este ser√° la primer meetup de la comunidad Data Science Research Per√∫ para todos aquellos interesados en acercar‚Ä¶ https://t.co/ylFv8h6EXe","MirinaGonzales_"
"neutral","RT @KirkDBorne: This week‚Äôs featured articles &amp; resources for #DataScience and #MachineLearning at @DataScienceCtrl https://t.co/eGdYqLbthT‚Ä¶","asalazaradams"
"negative","Failed #256times JavaScript bootcamp selection and time to go back original plan;\nfollowing 2week schedule.\n1. data‚Ä¶ https://t.co/2WdPtFS7Go","keijiuehara"
"positive","From Digital Media Jobs Network \nLatest Data Science Jobs - Utah\n.\nImagine Learning -Data Scientist -\nProvo, UT‚Ä¶ https://t.co/qCSqfJGIdV","DMJNcom"
"positive","From Digital Media Jobs Network \nLatest Data Science Jobs - Oregon\n.\nAirbnb - Data Scientist - Foundation - Portlan‚Ä¶ https://t.co/MQTbQOteX4","DMJNcom"
"negative","RT @stratandbiz: The takeaway from Social Science Foo Camp this year? Hard data is only valid if placed in a highly human context. https://‚Ä¶","akdm_bot"
"neutral","RT @EcoSenseNow: The fiddling with temperature data is the biggest science scandal ever - Telegraph https://t.co/bNqdDAphD5","strider2550"
"positive","RT @AIMquarantecinq: A brest le 21 mai pour parler Course au large et Data !\n https://t.co/b9zMpCHOnn #Meetup #Brest via @MeetupFR\nAvec @se‚Ä¶","jfcuzon"
"neutral","RT @KirkDBorne: This week‚Äôs featured articles &amp; resources for #DataScience and #MachineLearning at @DataScienceCtrl https://t.co/eGdYqLbthT‚Ä¶","maggie_albrecht"
"neutral","RT @EstOdek: QUESTION: What makes someone a scientist?\n\nI‚Äôll start with one:\n\nIf you ‚Äòdo‚Äô the science (i.e. generate the data) then you‚Äôre‚Ä¶","OnlyJohnRay"
"positive","RT @AnalyticsVidhya: Here are the top #datascience related GitHub projects and Reddit discussions from April 2019. Some really cool code an‚Ä¶","suman_1983"
"neutral","RT @billpeduto: Whether it is vaccines, climate, guns, immigration, economics, etc... there is a constant drum beat to counter science, dat‚Ä¶","Tripe_Concierge"
"positive","RT @EurekaMag: Evaluating fidelity of lossy compression on spatiotemporal data from an IoT enabled smart farm https://t.co/wj06KIAuLP #eure‚Ä¶","Science_Alerts"
"neutral","RT @KirkDBorne: This week‚Äôs featured articles &amp; resources for #DataScience and #MachineLearning at @DataScienceCtrl https://t.co/eGdYqLbthT‚Ä¶","NachoThome"
"neutral","@the_sage_7 @0birdman @GabbbarSingh Science doesn‚Äôt say anything about it being a ‚ÄòHoax‚Äô it‚Äôs either you have enoug‚Ä¶ https://t.co/x8Gxrx7D1w","impulsivecritic"
"neutral","RT @Dinesh_Priya: Want to learn Data Science with Python and Azure Machine Learning, here is the opportunity, registration is open for 5th‚Ä¶","asanka_e"
"neutral","RT @OpIndia_com: Ram Guha claims Modi govt has done a surgical strike on science and scholarship, data says otherwise (writes @singhrakeshk‚Ä¶","Sarika41101863"
"neutral","RT @Encrypgen: We aren't trying to sell you anything. We think that if you're like about 15 million people who have already been tested, yo‚Ä¶","dvpme"
"positive","@Chem_Walker Yeah - you are correct. The data/findings need to be robust, but absolutely perfect papers, with extra‚Ä¶ https://t.co/lwYXGJMNgr","cispt2"
"positive","Interweaving #DesignThinking and #DataScience to Unleash Economic Value of Data: https://t.co/12Bv4UYzpG #abdsc by‚Ä¶ https://t.co/jhVdywz2G6","KirkDBorne"
"neutral","RT @anoushnajarian: Hurray for Women in Data Science lunch at #ODSCEast! #ODSC #shelovesAI #shelovesmatlab #womenintech https://t.co/cmG3Wx‚Ä¶","Changchangcha10"
"neutral","RT @billpeduto: Whether it is vaccines, climate, guns, immigration, economics, etc... there is a constant drum beat to counter science, dat‚Ä¶","EmzMTay"
"negative","Decoding ‚ÄòA Game of Thrones‚Äô by way of data science https://t.co/vRSvldDXpD","RigaldoAlex"
"positive","RT @cloudaus: Data preparation, including clean up, is 80% of the data work in research, according to a survey https://t.co/i7EwgHiyaU","qcifltd"
"neutral","RT @billpeduto: Whether it is vaccines, climate, guns, immigration, economics, etc... there is a constant drum beat to counter science, dat‚Ä¶","mcdaniels_jay"
"neutral","RT @ATomalty: @Hohheli @DawnTJ90 @3GHtweets @Latebird2013 @MATTP1949 @Gladfly1 @cdjstrydom @Kenneth72712993 @badmoonrising11 @frbissonnette‚Ä¶","JimRivait"
"positive","IoT is great tech; however there is tech from 20+ years ago that‚Äôs gathering dust! Having data science as part of y‚Ä¶ https://t.co/XZgp0y9gg7","ShaneWootenMBA"
"negative","RT @DrLizaMD: Curious as to why a preeminent non-industry scientist would hold off on publishing data that shows glyphosate isn‚Äôt a carcino‚Ä¶","NiemandesWorte"
"neutral","RT @billpeduto: Whether it is vaccines, climate, guns, immigration, economics, etc... there is a constant drum beat to counter science, dat‚Ä¶","AchenneW64"
"neutral","RT @KirkDBorne: This week‚Äôs featured articles &amp; resources for #DataScience and #MachineLearning at @DataScienceCtrl https://t.co/eGdYqLbthT‚Ä¶","MansaMu_19"
"positive","@googlelynx But otherwise, most of my shit is based in economics, behavioral and cognitive science given that I work in data.","ljmontello"
"neutral","RT @KirkDBorne: This week‚Äôs featured articles &amp; resources for #DataScience and #MachineLearning at @DataScienceCtrl https://t.co/eGdYqLbthT‚Ä¶","NenadSkokic"
"neutral","RT @EcoSenseNow: The fiddling with temperature data is the biggest science scandal ever - Telegraph https://t.co/bNqdDAphD5","calvinfray451"
"neutral","RT @KirkDBorne: This week‚Äôs featured articles &amp; resources for #DataScience and #MachineLearning at @DataScienceCtrl https://t.co/eGdYqLbthT‚Ä¶","Calcaware"
"neutral","RT @EcoSenseNow: The fiddling with temperature data is the biggest science scandal ever - Telegraph https://t.co/bNqdDAphD5","raybois"
"neutral","This week‚Äôs featured articles &amp; resources for #DataScience and #MachineLearning at @DataScienceCtrl‚Ä¶ https://t.co/OMIA933klE","KirkDBorne"
"positive","RT @DMulliganUCB: Very excited that colleagues Cathryn Carson, Margo Boenig-Liptsin, and Jim Demmel received a  Responsible Computer Scienc‚Ä¶","JulesPolonetsky"
"neutral","Switzerland: Data Science Intern - IDMC - https://t.co/76P1Villq5","workswitzerland"
"neutral","RT @UCL_ISH: We're Hiring: Lecturer in Heritage Data Science! The Bartlett School of Environment, Energy and Resources is looking for a Lec‚Ä¶","conserve_lfcp"
"neutral","Whether it is vaccines, climate, guns, immigration, economics, etc... there is a constant drum beat to counter scie‚Ä¶ https://t.co/PAjIjmbrqF","billpeduto"
"positive","RT @RigaldoAlex: Most in-demand data science skills include ML, Python. Read more about what are the core science skills needed today, and‚Ä¶","TheCuriousLuke"
"positive","Most in-demand data science skills include ML, Python. Read more about what are the core science skills needed toda‚Ä¶ https://t.co/z7HiiX7ALj","RigaldoAlex"
"positive","RT @mattmoehr: As far as I can tell @kalevleetaru cites two external sources: an opinion article that he wrote and ... a Dilbert cartoon.‚Ä¶","akdm_bot"
"neutral","RT @EstOdek: QUESTION: What makes someone a scientist?\n\nI‚Äôll start with one:\n\nIf you ‚Äòdo‚Äô the science (i.e. generate the data) then you‚Äôre‚Ä¶","everythingjill"
"positive","In 2015 I bought a new car with an R USER plate and a R logo on the wheel cover ( also my background on LinkedIn ).‚Ä¶ https://t.co/NfejlFQ6bC","NPHard"
"positive","Honored to receive the Best Applied Data Science Paper Award at SDM'19 @SIAMDataMining. Congratulations to all the‚Ä¶ https://t.co/2xa3TbDbnm","xunzhou2017"
"negative","How will artificial intelligence shape the way we care for patients with heart and circulatory disease in the futur‚Ä¶ https://t.co/peezYAb6Fw","Helen0Kelly"
"neutral","RT @ProfStrachan: Last month, #RenewableEnergy sources like #wind, #solar, &amp; #hydro actually outpaced #coal generation, per¬†data from the #‚Ä¶","OmarAlfonsoPR"
"neutral","RT @GSK_bio: news biotech GSK dumps universal flu vaccine after interim data readout: Biotechnology Pharma and Biopharma News &amp;8211; Resear‚Ä¶","GSK_bio"
"neutral","RT @EcoSenseNow: The fiddling with temperature data is the biggest science scandal ever - Telegraph https://t.co/bNqdDAphD5","james_kindl"
"neutral","RT @Ritmonegro: ‚ÄúOntology and Data Science‚Äù by @FavioVaz https://t.co/s6Miy4Hr5a","FavioVaz"
"positive","RT @Prs021Zhu: New paper on continuous land disturbance monitoring from GERS lab. The new COLD algorithm can provide accurate land disturba‚Ä¶","saltcube1925"
"positive","@hadleywickham @djnavarro BTW, this thread really exemplifies the vast utility of R. According to the R man page on‚Ä¶ https://t.co/8FskPInubz","matloff"
"neutral","RT @ATomalty: @Hohheli @DawnTJ90 @3GHtweets @Latebird2013 @MATTP1949 @Gladfly1 @cdjstrydom @Kenneth72712993 @badmoonrising11 @frbissonnette‚Ä¶","FriendsOScience"
"neutral","RT @IanoftheFuture: \"You can't buy yourself out of a data science problem, you have to build it from within your company.\" @hmason #ODSCEas‚Ä¶","iwidji"
"negative","RT @mitchellvii: Democrats say that by denying manmade climate change, President Trump, \"doesn't believe in science.\"\n\nI'm sorry, but studi‚Ä¶","FLMel69"
"neutral","RT @Ronald_vanLoon: An Introduction to Key #DataScience Concepts -[#INFOGRAPHIC]\n by @dataiku |\n\n #PredictiveAnalytics #Algorithms #Data #A‚Ä¶","akdm_bot"
"neutral","RT @BerkeleyData: Earn a UC Berkeley master's in data science online. Programming experience required. https://t.co/QklnVCiO29 https://t.co‚Ä¶","ScrinNyc"
"negative","RT @LiamElphick_: Disproven data sets. Shoddy science. Blatant discrimination. Blatant targeting of a single athlete. Requiring chemical al‚Ä¶","positiveimagep"
"neutral","RT @EcoSenseNow: The fiddling with temperature data is the biggest science scandal ever - Telegraph https://t.co/bNqdDAphD5","yvanovbitch"
"neutral","@LuanSperandio https://t.co/5ydnaxiGDQ","FelipeMillani79"
"positive","@emilykund @acotgreave Mine were math and science books. I think my first fully dedicated to just data viz was a Tufte book.","KristinHenry"
"negative","RT @mitchellvii: Democrats say that by denying manmade climate change, President Trump, \"doesn't believe in science.\"\n\nI'm sorry, but studi‚Ä¶","notaqueenatall"
"neutral","RT @tuskerdatalab: Importance of #DataScience in Medical Industry\nhttps://t.co/Jj8lqRaAx9","abeezith"
"neutral","RT @AzureDBPostgres: Startup Enlyft migrated to @AzureDBPostgres to accelerate market insights with data science and help their customers g‚Ä¶","gupta_harini"
"neutral","RT @Ronald_vanLoon: An Introduction to Key #DataScience Concepts -[#INFOGRAPHIC]\n by @dataiku |\n\n #PredictiveAnalytics #Algorithms #Data #A‚Ä¶","SaldyWahyudi_Z"
"negative","RT @DrLizaMD: Curious as to why a preeminent non-industry scientist would hold off on publishing data that shows glyphosate isn‚Äôt a carcino‚Ä¶","LauriLinnea"
"neutral","RT @EstOdek: QUESTION: What makes someone a scientist?\n\nI‚Äôll start with one:\n\nIf you ‚Äòdo‚Äô the science (i.e. generate the data) then you‚Äôre‚Ä¶","BryceMcelvogue"
"neutral","RT @EcoSenseNow: The fiddling with temperature data is the biggest science scandal ever - Telegraph https://t.co/bNqdDAphD5","gshmyrko"
"positive","RT @mesosphere: Looking for best practices and tools required to design an end-to-end #machinelearning platform? Consider it covered: https‚Ä¶","Nele02892472"
"neutral","Projects to Include in a Data Science Portfolio https://t.co/6WZtCdvBfE #DataScientist https://t.co/Zv8cIUpjOX","HPOAlliance"
"neutral","RT @FavioVaz: See you soon India!!! My talk got accepted for the Open Data Science Conference (ODSC) conference in Bengaluru this year :)‚Ä¶","Dan_R87"
"negative","RT @USTScience: To all Freshmen Applicants of the UST College of Science who submitted Letters of Reconsideration:\n\nDue to restrictions on‚Ä¶","reiaangela"
"negative","RT @Datascience__: Data Science Has Become About Lending False Credibility To Decisions We've Already Made https://t.co/P0qrGnaQRE  #DataSc‚Ä¶","exactopcl"
"neutral","@Hohheli @DawnTJ90 @3GHtweets @Latebird2013 @MATTP1949 @Gladfly1 @cdjstrydom @Kenneth72712993 @badmoonrising11‚Ä¶ https://t.co/BqUImQB5n2","ATomalty"
"neutral","RT @Ronald_vanLoon: An Introduction to Key #DataScience Concepts -[#INFOGRAPHIC]\n by @dataiku |\n\n #PredictiveAnalytics #Algorithms #Data #A‚Ä¶","JGAvatar1157"
"neutral","RT @EstOdek: QUESTION: What makes someone a scientist?\n\nI‚Äôll start with one:\n\nIf you ‚Äòdo‚Äô the science (i.e. generate the data) then you‚Äôre‚Ä¶","nii_leigh"
"neutral","RT @tunguz: What no one will tell you about data science job applications by Edouard Harris https://t.co/lXQtSZMxMD","Mohalkathiry"
"neutral","RT @EstOdek: QUESTION: What makes someone a scientist?\n\nI‚Äôll start with one:\n\nIf you ‚Äòdo‚Äô the science (i.e. generate the data) then you‚Äôre‚Ä¶","monsterbashseq"
"negative","RT @LiamElphick_: Disproven data sets. Shoddy science. Blatant discrimination. Blatant targeting of a single athlete. Requiring chemical al‚Ä¶","dgg007"
"positive","Great talk from @yakticus on how the data science team at @netflix is using Metaflow to save development hours! https://t.co/Ywt6yuVDPR","andrew_mc12"
"neutral","RT @anoushnajarian: Thank you for coming to Women in Data Science Lunch at #ODSCEast! @artistjaneadams, @Mo_Mack, Vasudha Shivamoggi @rapid‚Ä¶","artistjaneadams"
"neutral","@stuartbrainerd @aSinister @craigthomler @ronnieressler @CrispyCX @JpiersM @csfc67 @Michael46830937 @Barbarajdurkin‚Ä¶ https://t.co/KqZsm2OR3e","wlbeeton"
"positive","RT @DocBastard: Ebola vaccine is 97.5% effective at preventing a disease with a 50-75% mortality rate. \n\nCue antivaxxers arguing that this‚Ä¶","AgriNutrient"
"neutral","@nishantchat STRENGTH ka spelling ek bhaar buluvadhe ü§£\nIndia meh Kitna Voter hey ek bhaar pooch ü§£\nGutter gas meh Ki‚Ä¶ https://t.co/pO0TTAXSvh","lets_say_truth"
"positive","RT @MarkTossell: Analytics is all about a business result. It is never about pretty charts or clever science. Data analysis and visualizati‚Ä¶","LetsPlaySFDC"
"positive","RT @mattmoehr: Can #DataScience be used as justification for decisions that are already set? Sure.\n\nhttps://t.co/kGhry3jvBs","akdm_bot"
"neutral","RT @ozyind: Looking for a place where you can join your data science peers to connect, share and learn? @IBMcommunity has your back. Check‚Ä¶","IBMcommunity"
"negative","serious question: how can the science be settled, when they keep changing the data??\n\nWell worth the read: https://t.co/eVrtcsa9ne","bericm"
"positive","RT @DimDrandakis: Top #DataScience and #MachineLearning #Methods \n\nUsed in #2018, #2019\n\nhttps://t.co/6GwQLw5KGN #ArtificialIntelligence #M‚Ä¶","hsieh_alfred"
"positive","RT @shashib: #CONNECTpreneur Data Science, AI, Machine Learning, Analytics are hot. Try certifications to add to your portfolio even if you‚Ä¶","tienwong"
"neutral","RT @EstOdek: QUESTION: What makes someone a scientist?\n\nI‚Äôll start with one:\n\nIf you ‚Äòdo‚Äô the science (i.e. generate the data) then you‚Äôre‚Ä¶","am3liahenry"
"negative","RT @stratandbiz: The takeaway from Social Science Foo Camp this year? Hard data is only valid if placed in a highly human context. https://‚Ä¶","Rod_Pardo"
"positive","As far as I can tell @kalevleetaru cites two external sources: an opinion article that he wrote and ... a Dilbert c‚Ä¶ https://t.co/OraeE3YxQU","mattmoehr"